factor,factor_level,disease,total,diagnosed_yes,percentage_diagnosed
smoking_stat,Inactive Smoker,bp_diagnosed,121,60,49.586776859504134
smoking_stat,Non Smoker,bp_diagnosed,1165,532,45.66523605150215
smoking_stat,Active Smoker,bp_diagnosed,260,162,62.30769230769231
smoking_stat,Former Smoker,bp_diagnosed,454,246,54.18502202643172
physical_activity,Active,bp_diagnosed,1580,769,48.67088607594937
physical_activity,Inactive,bp_diagnosed,420,231,55.00000000000001
physical_health,Excellent,bp_diagnosed,1502,682,45.40612516644474
physical_health,Good,bp_diagnosed,264,152,57.57575757575758
physical_health,At risk,bp_diagnosed,49,38,77.55102040816327
physical_health,Poor,bp_diagnosed,185,128,69.1891891891892
drinking_stat,Non Drinker,bp_diagnosed,599,304,50.75125208681135
drinking_stat,Heavy Drinker,bp_diagnosed,1401,696,49.67880085653105
bmi_category,Overweight,bp_diagnosed,657,301,45.81430745814307
bmi_category,Class I obesity,bp_diagnosed,429,266,62.004662004662
bmi_category,Underweight,bp_diagnosed,24,6,25.0
bmi_category,Optimum range,bp_diagnosed,475,141,29.68421052631579
bmi_category,Class II obesity,bp_diagnosed,415,286,68.9156626506024
smoking_stat,Inactive Smoker,cholesterol_diagnosed,106,52,49.056603773584904
smoking_stat,Non Smoker,cholesterol_diagnosed,1236,609,49.271844660194176
smoking_stat,Active Smoker,cholesterol_diagnosed,223,110,49.327354260089685
smoking_stat,Former Smoker,cholesterol_diagnosed,435,229,52.643678160919535
physical_activity,Active,cholesterol_diagnosed,1616,818,50.61881188118812
physical_activity,Inactive,cholesterol_diagnosed,384,182,47.39583333333333
physical_health,Excellent,cholesterol_diagnosed,1500,716,47.733333333333334
physical_health,Good,cholesterol_diagnosed,258,144,55.81395348837209
physical_health,At risk,cholesterol_diagnosed,57,31,54.385964912280706
physical_health,Poor,cholesterol_diagnosed,185,109,58.91891891891892
drinking_stat,Non Drinker,cholesterol_diagnosed,620,308,49.67741935483871
drinking_stat,Heavy Drinker,cholesterol_diagnosed,1380,692,50.14492753623189
bmi_category,Overweight,cholesterol_diagnosed,672,330,49.107142857142854
bmi_category,Class I obesity,cholesterol_diagnosed,401,235,58.60349127182045
bmi_category,Underweight,cholesterol_diagnosed,20,5,25.0
bmi_category,Optimum range,cholesterol_diagnosed,542,207,38.191881918819185
bmi_category,Class II obesity,cholesterol_diagnosed,365,223,61.09589041095891
smoking_stat,Inactive Smoker,chd_diagnosed,138,81,58.69565217391305
smoking_stat,Non Smoker,chd_diagnosed,949,313,32.982086406743946
smoking_stat,Active Smoker,chd_diagnosed,291,177,60.824742268041234
smoking_stat,Former Smoker,chd_diagnosed,379,186,49.07651715039577
physical_activity,Active,chd_diagnosed,1350,520,38.51851851851852
physical_activity,Inactive,chd_diagnosed,407,237,58.23095823095823
physical_health,Excellent,chd_diagnosed,1169,366,31.308810949529516
physical_health,Good,chd_diagnosed,218,115,52.752293577981646
physical_health,At risk,chd_diagnosed,67,42,62.68656716417911
physical_health,Poor,chd_diagnosed,303,234,77.22772277227723
drinking_stat,Non Drinker,chd_diagnosed,630,339,53.80952380952381
drinking_stat,Heavy Drinker,chd_diagnosed,1127,418,37.089618456078085
bmi_category,Overweight,chd_diagnosed,584,233,39.8972602739726
bmi_category,Class I obesity,chd_diagnosed,321,151,47.0404984423676
bmi_category,Underweight,chd_diagnosed,34,18,52.94117647058824
bmi_category,Optimum range,chd_diagnosed,517,188,36.36363636363637
bmi_category,Class II obesity,chd_diagnosed,301,167,55.48172757475083
smoking_stat,Inactive Smoker,depr_diagnosed,113,66,58.4070796460177
smoking_stat,Non Smoker,depr_diagnosed,1149,496,43.16797214969539
smoking_stat,Active Smoker,depr_diagnosed,291,192,65.97938144329896
smoking_stat,Former Smoker,depr_diagnosed,447,246,55.033557046979865
physical_activity,Active,depr_diagnosed,1656,803,48.490338164251206
physical_activity,Inactive,depr_diagnosed,344,197,57.26744186046512
physical_health,Excellent,depr_diagnosed,1485,634,42.69360269360269
physical_health,Good,depr_diagnosed,257,174,67.70428015564202
physical_health,At risk,depr_diagnosed,63,46,73.01587301587301
physical_health,Poor,depr_diagnosed,195,146,74.87179487179488
drinking_stat,Non Drinker,depr_diagnosed,605,315,52.066115702479344
drinking_stat,Heavy Drinker,depr_diagnosed,1395,685,49.10394265232975
bmi_category,Overweight,depr_diagnosed,608,298,49.01315789473684
bmi_category,Class I obesity,depr_diagnosed,400,196,49.0
bmi_category,Underweight,depr_diagnosed,30,17,56.666666666666664
bmi_category,Optimum range,depr_diagnosed,627,283,45.13556618819777
bmi_category,Class II obesity,depr_diagnosed,335,206,61.49253731343284
smoking_stat,Inactive Smoker,diab_diagnosed,109,56,51.37614678899083
smoking_stat,Non Smoker,diab_diagnosed,1173,551,46.97357203751066
smoking_stat,Active Smoker,diab_diagnosed,263,151,57.414448669201526
smoking_stat,Former Smoker,diab_diagnosed,455,242,53.18681318681319
physical_activity,Active,diab_diagnosed,1549,724,46.739832149774045
physical_activity,Inactive,diab_diagnosed,451,276,61.19733924611973
physical_health,Excellent,diab_diagnosed,1368,575,42.03216374269006
physical_health,Good,diab_diagnosed,283,171,60.42402826855123
physical_health,At risk,diab_diagnosed,77,56,72.72727272727273
physical_health,Poor,diab_diagnosed,272,198,72.79411764705883
drinking_stat,Non Drinker,diab_diagnosed,704,421,59.80113636363637
drinking_stat,Heavy Drinker,diab_diagnosed,1296,579,44.675925925925924
bmi_category,Overweight,diab_diagnosed,576,218,37.84722222222222
bmi_category,Class I obesity,diab_diagnosed,402,229,56.96517412935324
bmi_category,Underweight,diab_diagnosed,20,6,30.0
bmi_category,Optimum range,diab_diagnosed,410,95,23.170731707317074
bmi_category,Class II obesity,diab_diagnosed,592,452,76.35135135135135
