factor,factor_level,disease,total,diagnosed_yes,percentage_diagnosed
income_level,"$25,000 - $34,999",bp_diagnosed,873,407,46.620847651775485
income_level,"$15,000 - $19,999",bp_diagnosed,190,92,48.421052631578945
income_level,"Less than $10,000",bp_diagnosed,135,91,67.4074074074074
income_level,"$20,000 - $24,999",bp_diagnosed,257,139,54.08560311284047
income_level,"$35,000 - $49,999",bp_diagnosed,275,128,46.54545454545455
income_level,"$10,000 - $14,999",bp_diagnosed,208,117,56.25
income_level,"$50,000 - $74,999",bp_diagnosed,62,26,41.935483870967744
employment_status,Employed for wages,bp_diagnosed,1457,714,49.00480439258751
employment_status,Student,bp_diagnosed,26,11,42.30769230769231
employment_status,Homemaker,bp_diagnosed,113,41,36.283185840707965
employment_status,Out of work for 1 year or more,bp_diagnosed,59,39,66.10169491525424
employment_status,Self-employed,bp_diagnosed,196,94,47.95918367346938
employment_status,Out of work for less than 1 year,bp_diagnosed,60,34,56.666666666666664
employment_status,Unable to work,bp_diagnosed,81,62,76.5432098765432
employment_status,Retired,bp_diagnosed,8,5,62.5
housing,Own,bp_diagnosed,1196,583,48.74581939799331
housing,Rent,bp_diagnosed,804,417,51.865671641791046
medical_cost_issue,No,bp_diagnosed,1681,815,48.483045806067814
medical_cost_issue,Yes,bp_diagnosed,319,185,57.993730407523515
marital_status_grouped,Separated,bp_diagnosed,64,32,50.0
marital_status_grouped,Never married,bp_diagnosed,517,286,55.319148936170215
marital_status_grouped,Married,bp_diagnosed,1091,504,46.1961503208066
marital_status_grouped,Divorced,bp_diagnosed,183,98,53.551912568306015
marital_status_grouped,Widowed,bp_diagnosed,9,5,55.55555555555556
marital_status_grouped,Unmarried couple,bp_diagnosed,136,75,55.14705882352941
income_level,"$25,000 - $34,999",cholesterol_diagnosed,916,467,50.9825327510917
income_level,"$15,000 - $19,999",cholesterol_diagnosed,179,83,46.36871508379888
income_level,"Less than $10,000",cholesterol_diagnosed,107,57,53.271028037383175
income_level,"$20,000 - $24,999",cholesterol_diagnosed,249,112,44.97991967871486
income_level,"$35,000 - $49,999",cholesterol_diagnosed,283,168,59.36395759717315
income_level,"$10,000 - $14,999",cholesterol_diagnosed,192,77,40.10416666666667
income_level,"$50,000 - $74,999",cholesterol_diagnosed,74,36,48.64864864864865
employment_status,Employed for wages,cholesterol_diagnosed,1492,759,50.87131367292225
employment_status,Student,cholesterol_diagnosed,34,20,58.82352941176471
employment_status,Homemaker,cholesterol_diagnosed,122,51,41.80327868852459
employment_status,Out of work for 1 year or more,cholesterol_diagnosed,26,16,61.53846153846154
employment_status,Self-employed,cholesterol_diagnosed,185,72,38.91891891891892
employment_status,Out of work for less than 1 year,cholesterol_diagnosed,58,26,44.827586206896555
employment_status,Unable to work,cholesterol_diagnosed,73,48,65.75342465753424
employment_status,Retired,cholesterol_diagnosed,10,8,80.0
housing,Own,cholesterol_diagnosed,1213,647,53.33882934872217
housing,Rent,cholesterol_diagnosed,787,353,44.85387547649301
medical_cost_issue,No,cholesterol_diagnosed,1717,851,49.563191613278974
medical_cost_issue,Yes,cholesterol_diagnosed,283,149,52.65017667844523
marital_status_grouped,Separated,cholesterol_diagnosed,50,26,52.0
marital_status_grouped,Never married,cholesterol_diagnosed,457,214,46.82713347921225
marital_status_grouped,Married,cholesterol_diagnosed,1147,600,52.310374891020054
marital_status_grouped,Divorced,cholesterol_diagnosed,182,91,50.0
marital_status_grouped,Widowed,cholesterol_diagnosed,14,4,28.57142857142857
marital_status_grouped,Unmarried couple,cholesterol_diagnosed,150,65,43.333333333333336
income_level,"$25,000 - $34,999",chd_diagnosed,689,223,32.365747460087086
income_level,"$15,000 - $19,999",chd_diagnosed,182,84,46.15384615384615
income_level,"Less than $10,000",chd_diagnosed,180,130,72.22222222222221
income_level,"$20,000 - $24,999",chd_diagnosed,228,90,39.473684210526315
income_level,"$35,000 - $49,999",chd_diagnosed,156,49,31.41025641025641
income_level,"$10,000 - $14,999",chd_diagnosed,267,164,61.42322097378277
income_level,"$50,000 - $74,999",chd_diagnosed,55,17,30.909090909090907
employment_status,Employed for wages,chd_diagnosed,1144,386,33.74125874125874
employment_status,Student,chd_diagnosed,37,14,37.83783783783784
employment_status,Homemaker,chd_diagnosed,101,48,47.524752475247524
employment_status,Out of work for 1 year or more,chd_diagnosed,67,44,65.67164179104478
employment_status,Self-employed,chd_diagnosed,176,79,44.88636363636363
employment_status,Out of work for less than 1 year,chd_diagnosed,62,38,61.29032258064516
employment_status,Unable to work,chd_diagnosed,157,138,87.89808917197452
employment_status,Retired,chd_diagnosed,13,10,76.92307692307693
housing,Own,chd_diagnosed,983,376,38.2502543234995
housing,Rent,chd_diagnosed,774,381,49.224806201550386
medical_cost_issue,No,chd_diagnosed,1387,530,38.211968276856524
medical_cost_issue,Yes,chd_diagnosed,370,227,61.35135135135135
marital_status_grouped,Separated,chd_diagnosed,69,44,63.76811594202898
marital_status_grouped,Never married,chd_diagnosed,416,171,41.105769230769226
marital_status_grouped,Married,chd_diagnosed,908,365,40.198237885462554
marital_status_grouped,Divorced,chd_diagnosed,192,104,54.166666666666664
marital_status_grouped,Widowed,chd_diagnosed,23,19,82.6086956521739
marital_status_grouped,Unmarried couple,chd_diagnosed,149,54,36.241610738255034
income_level,"$25,000 - $34,999",depr_diagnosed,847,380,44.8642266824085
income_level,"$15,000 - $19,999",depr_diagnosed,188,105,55.85106382978723
income_level,"Less than $10,000",depr_diagnosed,141,99,70.2127659574468
income_level,"$20,000 - $24,999",depr_diagnosed,245,137,55.91836734693878
income_level,"$35,000 - $49,999",depr_diagnosed,253,115,45.45454545454545
income_level,"$10,000 - $14,999",depr_diagnosed,242,129,53.30578512396694
income_level,"$50,000 - $74,999",depr_diagnosed,84,35,41.66666666666667
employment_status,Employed for wages,depr_diagnosed,1401,649,46.32405424696645
employment_status,Student,depr_diagnosed,42,24,57.14285714285714
employment_status,Homemaker,depr_diagnosed,128,65,50.78125
employment_status,Out of work for 1 year or more,depr_diagnosed,46,36,78.26086956521739
employment_status,Self-employed,depr_diagnosed,200,83,41.5
employment_status,Out of work for less than 1 year,depr_diagnosed,79,55,69.62025316455697
employment_status,Unable to work,depr_diagnosed,98,83,84.6938775510204
employment_status,Retired,depr_diagnosed,6,5,83.33333333333334
housing,Own,depr_diagnosed,1159,528,45.5565142364107
housing,Rent,depr_diagnosed,841,472,56.123662306777646
medical_cost_issue,No,depr_diagnosed,1667,777,46.61067786442711
medical_cost_issue,Yes,depr_diagnosed,333,223,66.96696696696696
marital_status_grouped,Separated,depr_diagnosed,59,37,62.71186440677966
marital_status_grouped,Never married,depr_diagnosed,526,274,52.09125475285171
marital_status_grouped,Married,depr_diagnosed,1032,450,43.604651162790695
marital_status_grouped,Divorced,depr_diagnosed,209,135,64.5933014354067
marital_status_grouped,Widowed,depr_diagnosed,12,7,58.333333333333336
marital_status_grouped,Unmarried couple,depr_diagnosed,162,97,59.876543209876544
income_level,"$25,000 - $34,999",diab_diagnosed,767,314,40.938722294654504
income_level,"$15,000 - $19,999",diab_diagnosed,231,129,55.84415584415584
income_level,"Less than $10,000",diab_diagnosed,170,129,75.88235294117646
income_level,"$20,000 - $24,999",diab_diagnosed,261,131,50.191570881226056
income_level,"$35,000 - $49,999",diab_diagnosed,204,82,40.19607843137255
income_level,"$10,000 - $14,999",diab_diagnosed,305,200,65.57377049180327
income_level,"$50,000 - $74,999",diab_diagnosed,62,15,24.193548387096776
employment_status,Employed for wages,diab_diagnosed,1321,617,46.707040121120365
employment_status,Student,diab_diagnosed,40,15,37.5
employment_status,Homemaker,diab_diagnosed,142,71,50.0
employment_status,Out of work for 1 year or more,diab_diagnosed,60,39,65.0
employment_status,Self-employed,diab_diagnosed,195,69,35.38461538461539
employment_status,Out of work for less than 1 year,diab_diagnosed,73,42,57.534246575342465
employment_status,Unable to work,diab_diagnosed,165,144,87.27272727272727
employment_status,Retired,diab_diagnosed,4,3,75.0
housing,Own,diab_diagnosed,1102,491,44.55535390199637
housing,Rent,diab_diagnosed,898,509,56.6815144766147
medical_cost_issue,No,diab_diagnosed,1637,781,47.70922419059255
medical_cost_issue,Yes,diab_diagnosed,363,219,60.33057851239669
marital_status_grouped,Separated,diab_diagnosed,80,42,52.5
marital_status_grouped,Never married,diab_diagnosed,508,280,55.118110236220474
marital_status_grouped,Married,diab_diagnosed,1066,485,45.49718574108818
marital_status_grouped,Divorced,diab_diagnosed,185,118,63.78378378378379
marital_status_grouped,Widowed,diab_diagnosed,13,5,38.46153846153847
marital_status_grouped,Unmarried couple,diab_diagnosed,148,70,47.2972972972973
