factor,factor_level,disease,total,diagnosed_yes,percentage_diagnosed
smoking_stat,Inactive Smoker,bp_diagnosed,129,73,56.58914728682171
smoking_stat,Non Smoker,bp_diagnosed,1137,520,45.73438874230431
smoking_stat,Active Smoker,bp_diagnosed,310,183,59.03225806451613
smoking_stat,Former Smoker,bp_diagnosed,424,224,52.83018867924528
physical_activity,Active,bp_diagnosed,1611,789,48.97579143389199
physical_activity,Inactive,bp_diagnosed,389,211,54.24164524421594
physical_health,Excellent,bp_diagnosed,1477,664,44.95599187542316
physical_health,Good,bp_diagnosed,271,159,58.671586715867164
physical_health,At risk,bp_diagnosed,63,45,71.42857142857143
physical_health,Poor,bp_diagnosed,189,132,69.84126984126983
drinking_stat,Non Drinker,bp_diagnosed,621,317,51.04669887278583
drinking_stat,Heavy Drinker,bp_diagnosed,1379,683,49.5286439448876
bmi_category,Overweight,bp_diagnosed,640,299,46.71875
bmi_category,Class I obesity,bp_diagnosed,425,243,57.1764705882353
bmi_category,Underweight,bp_diagnosed,18,5,27.77777777777778
bmi_category,Optimum range,bp_diagnosed,493,165,33.46855983772819
bmi_category,Class II obesity,bp_diagnosed,424,288,67.9245283018868
income_level,"$25,000 - $34,999",bp_diagnosed,882,412,46.71201814058957
income_level,"$15,000 - $19,999",bp_diagnosed,193,95,49.22279792746114
income_level,"Less than $10,000",bp_diagnosed,117,74,63.24786324786324
income_level,"$20,000 - $24,999",bp_diagnosed,275,142,51.63636363636363
income_level,"$35,000 - $49,999",bp_diagnosed,239,118,49.37238493723849
income_level,"$10,000 - $14,999",bp_diagnosed,224,122,54.46428571428571
income_level,"$50,000 - $74,999",bp_diagnosed,70,37,52.85714285714286
employment_status,Employed for wages,bp_diagnosed,1443,723,50.1039501039501
employment_status,Student,bp_diagnosed,44,20,45.45454545454545
employment_status,Homemaker,bp_diagnosed,118,41,34.74576271186441
employment_status,Out of work for 1 year or more,bp_diagnosed,47,24,51.06382978723404
employment_status,Self-employed,bp_diagnosed,187,88,47.05882352941176
employment_status,Out of work for less than 1 year,bp_diagnosed,72,37,51.388888888888886
employment_status,Unable to work,bp_diagnosed,81,62,76.5432098765432
employment_status,Retired,bp_diagnosed,8,5,62.5
housing,Own,bp_diagnosed,1177,570,48.42820730671198
housing,Rent,bp_diagnosed,823,430,52.247873633049814
medical_cost_issue,No,bp_diagnosed,1666,794,47.65906362545018
medical_cost_issue,Yes,bp_diagnosed,334,206,61.67664670658682
marital_status_grouped,Separated,bp_diagnosed,62,40,64.51612903225806
marital_status_grouped,Never married,bp_diagnosed,497,286,57.54527162977867
marital_status_grouped,Married,bp_diagnosed,1094,506,46.25228519195612
marital_status_grouped,Divorced,bp_diagnosed,186,92,49.46236559139785
marital_status_grouped,Widowed,bp_diagnosed,13,7,53.84615384615385
marital_status_grouped,Unmarried couple,bp_diagnosed,148,69,46.62162162162162
smoking_stat,Inactive Smoker,cholesterol_diagnosed,97,44,45.36082474226804
smoking_stat,Non Smoker,cholesterol_diagnosed,1234,630,51.053484602917344
smoking_stat,Active Smoker,cholesterol_diagnosed,230,94,40.869565217391305
smoking_stat,Former Smoker,cholesterol_diagnosed,439,232,52.84738041002278
physical_activity,Active,cholesterol_diagnosed,1640,805,49.08536585365854
physical_activity,Inactive,cholesterol_diagnosed,360,195,54.166666666666664
physical_health,Excellent,cholesterol_diagnosed,1506,711,47.211155378486055
physical_health,Good,cholesterol_diagnosed,260,145,55.769230769230774
physical_health,At risk,cholesterol_diagnosed,51,30,58.82352941176471
physical_health,Poor,cholesterol_diagnosed,183,114,62.295081967213115
drinking_stat,Non Drinker,cholesterol_diagnosed,634,305,48.10725552050473
drinking_stat,Heavy Drinker,cholesterol_diagnosed,1366,695,50.87847730600292
bmi_category,Overweight,cholesterol_diagnosed,690,353,51.15942028985507
bmi_category,Class I obesity,cholesterol_diagnosed,404,221,54.70297029702971
bmi_category,Underweight,cholesterol_diagnosed,22,9,40.909090909090914
bmi_category,Optimum range,cholesterol_diagnosed,525,206,39.23809523809524
bmi_category,Class II obesity,cholesterol_diagnosed,359,211,58.77437325905292
income_level,"$25,000 - $34,999",cholesterol_diagnosed,942,458,48.61995753715499
income_level,"$15,000 - $19,999",cholesterol_diagnosed,158,67,42.405063291139236
income_level,"Less than $10,000",cholesterol_diagnosed,127,68,53.54330708661418
income_level,"$20,000 - $24,999",cholesterol_diagnosed,240,119,49.583333333333336
income_level,"$35,000 - $49,999",cholesterol_diagnosed,269,148,55.01858736059479
income_level,"$10,000 - $14,999",cholesterol_diagnosed,188,94,50.0
income_level,"$50,000 - $74,999",cholesterol_diagnosed,76,46,60.526315789473685
employment_status,Employed for wages,cholesterol_diagnosed,1464,723,49.385245901639344
employment_status,Student,cholesterol_diagnosed,55,25,45.45454545454545
employment_status,Homemaker,cholesterol_diagnosed,105,51,48.57142857142857
employment_status,Out of work for 1 year or more,cholesterol_diagnosed,51,30,58.82352941176471
employment_status,Self-employed,cholesterol_diagnosed,185,90,48.64864864864865
employment_status,Out of work for less than 1 year,cholesterol_diagnosed,59,32,54.23728813559322
employment_status,Unable to work,cholesterol_diagnosed,77,46,59.74025974025974
employment_status,Retired,cholesterol_diagnosed,4,3,75.0
housing,Own,cholesterol_diagnosed,1231,616,50.04061738424046
housing,Rent,cholesterol_diagnosed,769,384,49.93498049414825
medical_cost_issue,No,cholesterol_diagnosed,1712,848,49.532710280373834
medical_cost_issue,Yes,cholesterol_diagnosed,288,152,52.77777777777778
marital_status_grouped,Separated,cholesterol_diagnosed,43,22,51.162790697674424
marital_status_grouped,Never married,cholesterol_diagnosed,472,222,47.03389830508475
marital_status_grouped,Married,cholesterol_diagnosed,1168,589,50.428082191780824
marital_status_grouped,Divorced,cholesterol_diagnosed,152,83,54.60526315789473
marital_status_grouped,Widowed,cholesterol_diagnosed,16,7,43.75
marital_status_grouped,Unmarried couple,cholesterol_diagnosed,149,77,51.67785234899329
smoking_stat,Inactive Smoker,chd_diagnosed,135,81,60.0
smoking_stat,Non Smoker,chd_diagnosed,933,313,33.547695605573416
smoking_stat,Active Smoker,chd_diagnosed,314,177,56.36942675159236
smoking_stat,Former Smoker,chd_diagnosed,375,186,49.6
physical_activity,Active,chd_diagnosed,1345,520,38.66171003717472
physical_activity,Inactive,chd_diagnosed,412,237,57.52427184466019
physical_health,Excellent,chd_diagnosed,1149,366,31.853785900783286
physical_health,Good,chd_diagnosed,236,115,48.728813559322035
physical_health,At risk,chd_diagnosed,68,42,61.76470588235294
physical_health,Poor,chd_diagnosed,304,234,76.97368421052632
drinking_stat,Non Drinker,chd_diagnosed,639,339,53.051643192488264
drinking_stat,Heavy Drinker,chd_diagnosed,1118,418,37.38819320214669
bmi_category,Overweight,chd_diagnosed,575,233,40.52173913043478
bmi_category,Class I obesity,chd_diagnosed,355,151,42.53521126760563
bmi_category,Underweight,chd_diagnosed,34,18,52.94117647058824
bmi_category,Optimum range,chd_diagnosed,485,188,38.76288659793815
bmi_category,Class II obesity,chd_diagnosed,308,167,54.22077922077923
income_level,"$25,000 - $34,999",chd_diagnosed,690,223,32.31884057971015
income_level,"$15,000 - $19,999",chd_diagnosed,177,84,47.45762711864407
income_level,"Less than $10,000",chd_diagnosed,188,130,69.14893617021278
income_level,"$20,000 - $24,999",chd_diagnosed,207,90,43.47826086956522
income_level,"$35,000 - $49,999",chd_diagnosed,191,49,25.654450261780106
income_level,"$10,000 - $14,999",chd_diagnosed,256,164,64.0625
income_level,"$50,000 - $74,999",chd_diagnosed,48,17,35.41666666666667
employment_status,Employed for wages,chd_diagnosed,1120,386,34.464285714285715
employment_status,Student,chd_diagnosed,36,14,38.88888888888889
employment_status,Homemaker,chd_diagnosed,109,48,44.03669724770643
employment_status,Out of work for 1 year or more,chd_diagnosed,61,44,72.1311475409836
employment_status,Self-employed,chd_diagnosed,183,79,43.169398907103826
employment_status,Out of work for less than 1 year,chd_diagnosed,66,38,57.57575757575758
employment_status,Unable to work,chd_diagnosed,168,138,82.14285714285714
employment_status,Retired,chd_diagnosed,14,10,71.42857142857143
housing,Own,chd_diagnosed,1001,376,37.56243756243756
housing,Rent,chd_diagnosed,756,381,50.39682539682539
medical_cost_issue,No,chd_diagnosed,1402,530,37.803138373751786
medical_cost_issue,Yes,chd_diagnosed,355,227,63.94366197183099
marital_status_grouped,Separated,chd_diagnosed,64,44,68.75
marital_status_grouped,Never married,chd_diagnosed,398,171,42.96482412060301
marital_status_grouped,Married,chd_diagnosed,951,365,38.380651945320714
marital_status_grouped,Divorced,chd_diagnosed,189,104,55.026455026455025
marital_status_grouped,Widowed,chd_diagnosed,23,19,82.6086956521739
marital_status_grouped,Unmarried couple,chd_diagnosed,132,54,40.909090909090914
smoking_stat,Inactive Smoker,depr_diagnosed,136,84,61.76470588235294
smoking_stat,Non Smoker,depr_diagnosed,1104,459,41.57608695652174
smoking_stat,Active Smoker,depr_diagnosed,312,213,68.26923076923077
smoking_stat,Former Smoker,depr_diagnosed,448,244,54.46428571428571
physical_activity,Active,depr_diagnosed,1609,782,48.60161591050342
physical_activity,Inactive,depr_diagnosed,391,218,55.754475703324815
physical_health,Excellent,depr_diagnosed,1472,639,43.41032608695652
physical_health,Good,depr_diagnosed,281,176,62.63345195729537
physical_health,At risk,depr_diagnosed,66,49,74.24242424242425
physical_health,Poor,depr_diagnosed,181,136,75.13812154696133
drinking_stat,Non Drinker,depr_diagnosed,618,329,53.23624595469255
drinking_stat,Heavy Drinker,depr_diagnosed,1382,671,48.552821997105646
bmi_category,Overweight,depr_diagnosed,644,287,44.565217391304344
bmi_category,Class I obesity,depr_diagnosed,359,181,50.41782729805014
bmi_category,Underweight,depr_diagnosed,22,9,40.909090909090914
bmi_category,Optimum range,depr_diagnosed,602,283,47.00996677740864
bmi_category,Class II obesity,depr_diagnosed,373,240,64.343163538874
income_level,"$25,000 - $34,999",depr_diagnosed,880,399,45.34090909090909
income_level,"$15,000 - $19,999",depr_diagnosed,190,116,61.05263157894737
income_level,"Less than $10,000",depr_diagnosed,157,104,66.2420382165605
income_level,"$20,000 - $24,999",depr_diagnosed,253,130,51.38339920948617
income_level,"$35,000 - $49,999",depr_diagnosed,232,96,41.37931034482759
income_level,"$10,000 - $14,999",depr_diagnosed,216,123,56.94444444444444
income_level,"$50,000 - $74,999",depr_diagnosed,72,32,44.44444444444444
employment_status,Employed for wages,depr_diagnosed,1412,657,46.52974504249292
employment_status,Student,depr_diagnosed,40,25,62.5
employment_status,Homemaker,depr_diagnosed,124,77,62.096774193548384
employment_status,Out of work for 1 year or more,depr_diagnosed,52,31,59.61538461538461
employment_status,Self-employed,depr_diagnosed,207,95,45.893719806763286
employment_status,Out of work for less than 1 year,depr_diagnosed,68,39,57.35294117647059
employment_status,Unable to work,depr_diagnosed,88,68,77.27272727272727
employment_status,Retired,depr_diagnosed,9,8,88.88888888888889
housing,Own,depr_diagnosed,1165,525,45.06437768240343
housing,Rent,depr_diagnosed,835,475,56.886227544910184
medical_cost_issue,No,depr_diagnosed,1669,777,46.55482324745356
medical_cost_issue,Yes,depr_diagnosed,331,223,67.37160120845923
marital_status_grouped,Separated,depr_diagnosed,60,43,71.66666666666667
marital_status_grouped,Never married,depr_diagnosed,509,268,52.652259332023576
marital_status_grouped,Married,depr_diagnosed,1044,450,43.103448275862064
marital_status_grouped,Divorced,depr_diagnosed,208,127,61.057692307692314
marital_status_grouped,Widowed,depr_diagnosed,15,13,86.66666666666667
marital_status_grouped,Unmarried couple,depr_diagnosed,164,99,60.36585365853659
smoking_stat,Inactive Smoker,diab_diagnosed,128,68,53.125
smoking_stat,Non Smoker,diab_diagnosed,1146,552,48.167539267015705
smoking_stat,Active Smoker,diab_diagnosed,276,152,55.072463768115945
smoking_stat,Former Smoker,diab_diagnosed,450,228,50.66666666666667
physical_activity,Active,diab_diagnosed,1558,732,46.98331193838254
physical_activity,Inactive,diab_diagnosed,442,268,60.633484162895925
physical_health,Excellent,diab_diagnosed,1353,562,41.53732446415373
physical_health,Good,diab_diagnosed,286,168,58.74125874125874
physical_health,At risk,diab_diagnosed,62,49,79.03225806451613
physical_health,Poor,diab_diagnosed,299,221,73.91304347826086
drinking_stat,Non Drinker,diab_diagnosed,719,424,58.97079276773296
drinking_stat,Heavy Drinker,diab_diagnosed,1281,576,44.96487119437939
bmi_category,Overweight,diab_diagnosed,568,200,35.2112676056338
bmi_category,Class I obesity,diab_diagnosed,383,219,57.180156657963444
bmi_category,Underweight,diab_diagnosed,20,4,20.0
bmi_category,Optimum range,diab_diagnosed,431,114,26.450116009280745
bmi_category,Class II obesity,diab_diagnosed,598,463,77.4247491638796
income_level,"$25,000 - $34,999",diab_diagnosed,823,316,38.39611178614824
income_level,"$15,000 - $19,999",diab_diagnosed,178,110,61.79775280898876
income_level,"Less than $10,000",diab_diagnosed,171,122,71.34502923976608
income_level,"$20,000 - $24,999",diab_diagnosed,270,159,58.88888888888889
income_level,"$35,000 - $49,999",diab_diagnosed,207,73,35.26570048309179
income_level,"$10,000 - $14,999",diab_diagnosed,297,204,68.68686868686868
income_level,"$50,000 - $74,999",diab_diagnosed,54,16,29.629629629629626
employment_status,Employed for wages,diab_diagnosed,1352,605,44.74852071005917
employment_status,Student,diab_diagnosed,42,20,47.61904761904761
employment_status,Homemaker,diab_diagnosed,131,61,46.56488549618321
employment_status,Out of work for 1 year or more,diab_diagnosed,56,47,83.92857142857143
employment_status,Self-employed,diab_diagnosed,202,100,49.504950495049506
employment_status,Out of work for less than 1 year,diab_diagnosed,59,36,61.016949152542374
employment_status,Unable to work,diab_diagnosed,147,122,82.99319727891157
employment_status,Retired,diab_diagnosed,11,9,81.81818181818183
housing,Own,diab_diagnosed,1127,494,43.83318544809228
housing,Rent,diab_diagnosed,873,506,57.961053837342504
medical_cost_issue,No,diab_diagnosed,1635,764,46.727828746177366
medical_cost_issue,Yes,diab_diagnosed,365,236,64.65753424657534
marital_status_grouped,Separated,diab_diagnosed,75,44,58.666666666666664
marital_status_grouped,Never married,diab_diagnosed,553,317,57.32368896925859
marital_status_grouped,Married,diab_diagnosed,1015,439,43.251231527093594
marital_status_grouped,Divorced,diab_diagnosed,192,113,58.854166666666664
marital_status_grouped,Widowed,diab_diagnosed,12,10,83.33333333333334
marital_status_grouped,Unmarried couple,diab_diagnosed,153,77,50.326797385620914
